conversation_id,tweet_id,created_at,text,clean_text,review_bucket,true_intent,complexity,requires_hitl,hitl_reason,human_notes
367474,367475,Wed Oct 11 00:18:27 +0000 2017,@AmazonHelp The product finally came in today. Had already asked for a refund which can't be cancelled. Currently double charged waiting for refund.,The product finally came in today. Had already asked for a refund which can't be cancelled. Currently double charged waiting for refund.,BILLING,BILLING,High Stakes Escalation,True,Duplicate charge dispute requiring internal financial ledger verification.,Verified human annotation for AmazonHelp customer tweet.
958835,958834,Sun Oct 22 01:50:08 +0000 2017,"@AmazonHelp At this point,  I want a total #refund of @117795 $100.00. Unless #you can work with #me.","At this point, I want a total #refund of $100.00. Unless #you can work with #me.",BILLING,BILLING,Borderline / Ambiguous,False,"Ambiguous customer inquiry, but resolvable via self-service portal (e.g. Your Orders).",Verified human annotation for AmazonHelp customer tweet.
45535,45533,Wed Nov 01 16:32:46 +0000 2017,@AmazonHelp Thanks! I need to use the item tomorrow so I can't really return the rest of it. Is there any way to get a partial refund?,Thanks! I need to use the item tomorrow so I can't really return the rest of it. Is there any way to get a partial refund?,BILLING,BILLING,Borderline / Ambiguous,False,"Ambiguous customer inquiry, but resolvable via self-service portal (e.g. Your Orders).",Verified human annotation for AmazonHelp customer tweet.
1955339,1955337,Wed Oct 18 17:24:25 +0000 2017,"@AmazonHelp I did not receive my order. I was on the phone with a woman named ""amber"" who clearly stated she ""refunded me""","I did not receive my order. I was on the phone with a woman named ""amber"" who clearly stated she ""refunded me""",BILLING,SHIPPING,Borderline / Ambiguous,True,Requires account lookup / PII verification via Direct Message to resolve customer order issue.,Rule 1 Applied: Primary root cause is non-delivery/carrier issue.
2631439,2631440,Fri Nov 17 19:14:37 +0000 2017,@AmazonHelp I know nothing about what the charge is for and neither did they. Just said to call my bank and call back if I don’t get anywhere which is absolutely atrocious? Cause surely I’d have the same result. Can someone just sort this it’s bloody outrageous!,I know nothing about what the charge is for and neither did they. Just said to call my bank and call back if I don’t get anywhere which is absolutely atrocious? Cause surely I’d have the same result. Can someone just sort this it’s bloody outrageous!,BILLING,BILLING,High Stakes Escalation,True,Financial fraud/security dispute requiring account audit and security escalation.,Verified human annotation for AmazonHelp customer tweet.
1323276,1323276,Mon Oct 16 12:04:12 +0000 2017,"Ainda nas reclamações, não aguento mais todo mundo no meu feed lendo o novo do John Green e eu ficando de fora porque a Amazon não mandaaaaa","Ainda nas reclamações, não aguento mais todo mundo no meu feed lendo o novo do John Green e eu ficando de fora porque a Amazon não mandaaaaa",BILLING,SHIPPING,Routine,False,Routine inquiry resolvable via standard automated message or help documentation.,Rule 1 Applied: Primary root cause is non-delivery/carrier issue.
1524041,1524041,Fri Nov 03 21:06:07 +0000 2017,Since when @AmazonHelp Prime Now has a minimum of $35 per order? What the hell do I pay a monthly fee for then?,Since when Prime Now has a minimum of $35 per order? What the hell do I pay a monthly fee for then?,BILLING,BILLING,Routine,False,Routine inquiry resolvable via standard automated message or help documentation.,Verified human annotation for AmazonHelp customer tweet.
2474953,2474953,Wed Nov 15 13:03:51 +0000 2017,@115850 hey Its been 2 hours since i recharged on amazon pay and the amount isn’t reflecting yet and i need to order..whats the hiccup?,hey Its been 2 hours since i recharged on amazon pay and the amount isn’t reflecting yet and i need to order..whats the hiccup?,BILLING,BILLING,Routine,False,Routine inquiry resolvable via standard automated message or help documentation.,Verified human annotation for AmazonHelp customer tweet.
727891,727886,Wed Oct 11 13:11:24 +0000 2017,"@AmazonHelp wen I cld agn, customer care replied, de can't do anythng since amount refunded. Now to buy new phone, I've to shell more money.","wen I cld agn, customer care replied, de can't do anythng since amount refunded. Now to buy new phone, I've to shell more money.",BILLING,BILLING,Borderline / Ambiguous,True,Requires account lookup / PII verification via Direct Message to resolve customer order issue.,Verified human annotation for AmazonHelp customer tweet.
2612268,2612267,Tue Nov 21 16:36:37 +0000 2017,@AmazonHelp If you followed up I received late a day #I paid for next day Total failure on customer service and absolutely NO Follow UP #,If you followed up I received late a day #I paid for next day Total failure on customer service and absolutely NO Follow UP #,BILLING,BILLING,Borderline / Ambiguous,False,"Ambiguous customer inquiry, but resolvable via self-service portal (e.g. Your Orders).",Verified human annotation for AmazonHelp customer tweet.
69868,2938241,Thu Nov 30 04:30:54 +0000 2017,@AmazonHelp Amazon is the fraud platform don't trust these guys they will hold your amount and will not refund it and made excuses again and again,Amazon is the fraud platform don't trust these guys they will hold your amount and will not refund it and made excuses again and again,BILLING,BILLING,High Stakes Escalation,True,Financial fraud/security dispute requiring account audit and security escalation.,Verified human annotation for AmazonHelp customer tweet.
2668729,2668725,Sun Nov 19 11:13:51 +0000 2017,@AmazonHelp what when I have been scammed £100 on my card and someone also tried to buy a £400 coffee machine so it is ok is it?,what when I have been scammed £100 on my card and someone also tried to buy a £400 coffee machine so it is ok is it?,BILLING,BILLING,High Stakes Escalation,True,Financial fraud/security dispute requiring account audit and security escalation.,Verified human annotation for AmazonHelp customer tweet.
977915,977914,Sat Oct 14 08:07:26 +0000 2017,@AmazonHelp Is ther a definition for price fluctuation?? This is a Price drop! 20% I would hav not even bothered if this even 5% Again feel cheated!,Is ther a definition for price fluctuation?? This is a Price drop! 20% I would hav not even bothered if this even 5% Again feel cheated!,BILLING,BILLING,Routine,False,Routine inquiry resolvable via standard automated message or help documentation.,Verified human annotation for AmazonHelp customer tweet.
1350017,1350016,Sat Nov 25 21:29:37 +0000 2017,"@AmazonHelp That's not what happened! You authorised the full 82 pound, then the card didn't have any more money and you didn't take the authorised amount and tried to charge the card in full again. Same thing with a 27 euro order. The 27 is still sitting there and you took it twice! https://t.co/5432A4W8BW","That's not what happened! You authorised the full 82 pound, then the card didn't have any more money and you didn't take the authorised amount and tried to charge the card in full again. Same thing with a 27 euro order. The 27 is still sitting there and you took it twice!",BILLING,TECHNICAL,High Stakes Escalation,True,Duplicate charge dispute requiring internal financial ledger verification.,"Rule 2 Applied: Device, app, or digital content technical issue."
972684,972684,Sat Oct 14 06:02:20 +0000 2017,Dear @115850 I didn't received the product I ordered after return you are just refunded me my money. I want the same ordered I asked for.,Dear I didn't received the product I ordered after return you are just refunded me my money. I want the same ordered I asked for.,BILLING,SHIPPING,Borderline / Ambiguous,False,"Ambiguous customer inquiry, but resolvable via self-service portal (e.g. Your Orders).",Rule 1 Applied: Primary root cause is non-delivery/carrier issue.
2935760,2935759,Wed Nov 29 12:27:11 +0000 2017,"@AmazonHelp Yes it is fulfilled by Amazon. It’s saying you’ve ‘lost’ it. Offering refund but I don’t want a refund, after staying in 3 days I want item!","Yes it is fulfilled by Amazon. It’s saying you’ve ‘lost’ it. Offering refund but I don’t want a refund, after staying in 3 days I want item!",BILLING,BILLING,Borderline / Ambiguous,False,"Ambiguous customer inquiry, but resolvable via self-service portal (e.g. Your Orders).",Verified human annotation for AmazonHelp customer tweet.
180253,180240,Wed Oct 04 11:33:08 +0000 2017,@AmazonHelp @115851 Repliyed many times not getting revert odr no is 4__credit_card__ order for canon1300d co no 7078909206 u r refundng on 8th https://t.co/eEGOUpa6eW,Repliyed many times not getting revert odr no is 4__credit_card__ order for canon1300d co no 7078909206 u r refundng on 8th,BILLING,BILLING,Borderline / Ambiguous,True,Requires account lookup / PII verification via Direct Message to resolve customer order issue.,Verified human annotation for AmazonHelp customer tweet.
972507,972505,Sun Oct 22 09:20:08 +0000 2017,"@AmazonHelp https://t.co/XRiJN1SoU7 (order visible again after call) and Amazon.de (order still not visible after call, feedback sent)","(order visible again after call) and Amazon.de (order still not visible after call, feedback sent)",BILLING,BILLING,Routine,False,Routine inquiry resolvable via standard automated message or help documentation.,Verified human annotation for AmazonHelp customer tweet.
1116542,1116542,Tue Oct 24 03:42:42 +0000 2017,when you returned your textbook to @115821 they confirmed you returned it and they still charge your credit card $30!! fucking idiots.,when you returned your textbook to they confirmed you returned it and they still charge your credit card $30!! fucking idiots.,BILLING,BILLING,Routine,False,Routine inquiry resolvable via standard automated message or help documentation.,Verified human annotation for AmazonHelp customer tweet.
905269,905271,Sat Oct 14 05:59:19 +0000 2017,@AmazonHelp Non je ne l'ai pas fait car je devrais vous retournez le produit et les frais de port son a ma charge,Non je ne l'ai pas fait car je devrais vous retournez le produit et les frais de port son a ma charge,BILLING,BILLING,Routine,False,Routine inquiry resolvable via standard automated message or help documentation.,Verified human annotation for AmazonHelp customer tweet.
2938613,2938618,Tue Oct 31 20:25:38 +0000 2017,@AmazonHelp Does super buy have contact information? Do you think they can give a full refund?,Does super buy have contact information? Do you think they can give a full refund?,BILLING,BILLING,Borderline / Ambiguous,False,"Ambiguous customer inquiry, but resolvable via self-service portal (e.g. Your Orders).",Verified human annotation for AmazonHelp customer tweet.
1702199,1702196,Mon Nov 06 22:04:27 +0000 2017,"@AmazonHelp Days ago, you requested to change my credit card, I did it, and u havent done any charges or anything. Still the same status.","Days ago, you requested to change my credit card, I did it, and u havent done any charges or anything. Still the same status.",BILLING,BILLING,Routine,False,Routine inquiry resolvable via standard automated message or help documentation.,Verified human annotation for AmazonHelp customer tweet.
555308,555307,Sat Dec 02 20:44:55 +0000 2017,"@115821 Honestly what goes on in your guys’ warehouse? And since customer service isn’t capable of communicating, you know no feedback gets back to the warehouses about it. Ridiculous.","Honestly what goes on in your guys’ warehouse? And since customer service isn’t capable of communicating, you know no feedback gets back to the warehouses about it. Ridiculous.",BILLING,BILLING,Routine,False,Routine inquiry resolvable via standard automated message or help documentation.,Verified human annotation for AmazonHelp customer tweet.
1336197,1336187,Fri Oct 27 17:32:53 +0000 2017,@AmazonHelp It is already 18 days how can you again ask me to wait more. @AmazonHelp you should Initiate my refund.,It is already 18 days how can you again ask me to wait more. you should Initiate my refund.,BILLING,BILLING,Borderline / Ambiguous,False,"Ambiguous customer inquiry, but resolvable via self-service portal (e.g. Your Orders).",Verified human annotation for AmazonHelp customer tweet.
102984,102984,Thu Nov 30 18:02:38 +0000 2017,"Amazon customer support continuing to try to process charges onto my account with out my consent. Is this how @115821 supports their customers.
#amazon #badservice https://t.co/kgpAGBXNsY",Amazon customer support continuing to try to process charges onto my account with out my consent. Is this how supports their customers. #amazon #badservice,BILLING,BILLING,Borderline / Ambiguous,False,"Ambiguous customer inquiry, but resolvable via self-service portal (e.g. Your Orders).",Verified human annotation for AmazonHelp customer tweet.
535141,535141,Sat Dec 02 11:58:56 +0000 2017,@AmazonHelp hello I order a Amazon Gift card it said wait 5 mins and I have been waiting for 2 hours,hello I order a Amazon Gift card it said wait 5 mins and I have been waiting for 2 hours,BILLING,BILLING,Routine,False,Routine inquiry resolvable via standard automated message or help documentation.,Verified human annotation for AmazonHelp customer tweet.
2939250,2939250,Wed Nov 29 12:38:10 +0000 2017,"Brilliant stuff from @AmazonHelp. I pay for Prime, item disappears, no contact at all until I chase today and find out I've been refunded!  Can't wait to tell my nephew he doesn't have a birthday gift","Brilliant stuff from . I pay for Prime, item disappears, no contact at all until I chase today and find out I've been refunded! Can't wait to tell my nephew he doesn't have a birthday gift",BILLING,TECHNICAL,Borderline / Ambiguous,False,"Ambiguous customer inquiry, but resolvable via self-service portal (e.g. Your Orders).","Rule 2 Applied: Device, app, or digital content technical issue."
2279664,2279664,Sat Nov 11 19:32:08 +0000 2017,I didn't receive the cashback for my @115850 order 408-3818892-3103511 paid by SBI CC ending with 2280. Please update.,I didn't receive the cashback for my order 408-3818892-3103511 paid by SBI CC ending with 2280. Please update.,BILLING,SHIPPING,Borderline / Ambiguous,True,Requires account lookup / PII verification via Direct Message to resolve customer order issue.,Rule 1 Applied: Primary root cause is non-delivery/carrier issue.
2927712,2927711,Wed Nov 29 05:05:49 +0000 2017,"@AmazonHelp Order was supposed to arrive today by 8PM, after 8PM was changed to Dec 21, order invoice on website has different payment totals from confirmation email. 3 people unable to give an answer after 2.5 hours.","Order was supposed to arrive today by 8PM, after 8PM was changed to Dec 21, order invoice on website has different payment totals from confirmation email. 3 people unable to give an answer after 2.5 hours.",BILLING,BILLING,Routine,False,Routine inquiry resolvable via standard automated message or help documentation.,Verified human annotation for AmazonHelp customer tweet.
2809405,2809405,Wed Nov 22 05:25:52 +0000 2017,"@AmazonHelp Dear Customer, Promotional Amazon Gift Card ID __credit_card__ of value Rs.100.0 has been linked to your Amazon Pay balance.","Dear Customer, Promotional Amazon Gift Card ID __credit_card__ of value Rs.100.0 has been linked to your Amazon Pay balance.",BILLING,BILLING,Routine,False,Routine inquiry resolvable via standard automated message or help documentation.,Verified human annotation for AmazonHelp customer tweet.
63811,63811,Thu Nov 30 08:14:58 +0000 2017,"@115821 @AmazonHelp Thankyou very much sir, for ur concern about my problem. As you mailed me for my account details i linked it with my account. Please have a look and talk to ur investigation and bank team to make my refund process fast.","Thankyou very much sir, for ur concern about my problem. As you mailed me for my account details i linked it with my account. Please have a look and talk to ur investigation and bank team to make my refund process fast.",BILLING,BILLING,High Stakes Escalation,True,Financial fraud/security dispute requiring account audit and security escalation.,Verified human annotation for AmazonHelp customer tweet.
1343565,1343565,Fri Oct 27 16:10:33 +0000 2017,Shameless @115850 . sitting over my money .not refunded over 1 month .making nonsense story. Great customer harrasment service @115851,Shameless . sitting over my money .not refunded over 1 month .making nonsense story. Great customer harrasment service,BILLING,BILLING,Borderline / Ambiguous,False,"Ambiguous customer inquiry, but resolvable via self-service portal (e.g. Your Orders).",Verified human annotation for AmazonHelp customer tweet.
423475,423475,Tue Oct 10 10:26:10 +0000 2017,@115850 od-404-3315100-5772350 taking too long for refund.very tardy&amp; annoying.speed up please.,od-404-3315100-5772350 taking too long for refund.very tardy& annoying.speed up please.,BILLING,BILLING,Borderline / Ambiguous,True,Requires account lookup / PII verification via Direct Message to resolve customer order issue.,Verified human annotation for AmazonHelp customer tweet.
1502906,1502902,Fri Nov 03 15:42:32 +0000 2017,"@115821 I feel like because I'm in an apartment they're just like ""eh screw it"" or leave it in the leasing office to get locked in all weekend.","I feel like because I'm in an apartment they're just like ""eh screw it"" or leave it in the leasing office to get locked in all weekend.",BILLING,BILLING,Routine,False,Routine inquiry resolvable via standard automated message or help documentation.,Verified human annotation for AmazonHelp customer tweet.
343872,343837,Wed Nov 08 12:38:31 +0000 2017,"@AmazonHelp I have been duped by Amazon through ‘Deceptive Labelling’ &amp; ‘False Advertisement’. It is responsibility of Amazon to correct the mistake.

I asked them to collect the Refurbished item &amp; replace it with New item. However, they are simply offering refund which i never soughted for.","I have been duped by Amazon through ‘Deceptive Labelling’ & ‘False Advertisement’. It is responsibility of Amazon to correct the mistake. I asked them to collect the Refurbished item & replace it with New item. However, they are simply offering refund which i never soughted for.",BILLING,BILLING,Borderline / Ambiguous,False,"Ambiguous customer inquiry, but resolvable via self-service portal (e.g. Your Orders).",Verified human annotation for AmazonHelp customer tweet.
848150,848164,Fri Oct 20 17:58:20 +0000 2017,@AmazonHelp And i am asking to refund those money which is  transfered from my bank account. Not a gift money .,And i am asking to refund those money which is transfered from my bank account. Not a gift money .,BILLING,BILLING,High Stakes Escalation,True,Financial fraud/security dispute requiring account audit and security escalation.,Verified human annotation for AmazonHelp customer tweet.
586813,586806,Sun Dec 03 23:06:47 +0000 2017,@AmazonHelp Yes the charge is on my bank account https://t.co/PUtQGyAHpF,Yes the charge is on my bank account,BILLING,BILLING,High Stakes Escalation,True,Financial fraud/security dispute requiring account audit and security escalation.,Verified human annotation for AmazonHelp customer tweet.
2213198,2213198,Thu Oct 19 14:52:56 +0000 2017,@AmazonHelp I've been charged £7.99 for Amazon prime when I don't even have an Amazon account let alone own Amazon prime?,I've been charged £7.99 for Amazon prime when I don't even have an Amazon account let alone own Amazon prime?,BILLING,BILLING,Routine,False,Routine inquiry resolvable via standard automated message or help documentation.,Verified human annotation for AmazonHelp customer tweet.
849785,849782,Fri Oct 20 15:07:21 +0000 2017,@AmazonHelp Reply a day same old stories then onwards.  Really feeling pathetic and will not do this mistake again of prepayment,Reply a day same old stories then onwards. Really feeling pathetic and will not do this mistake again of prepayment,BILLING,BILLING,Routine,False,Routine inquiry resolvable via standard automated message or help documentation.,Verified human annotation for AmazonHelp customer tweet.
232847,232847,Thu Oct 05 11:41:47 +0000 2017,"Contacted close to 15 agents but no resolved issue,40k blocked been 2 months no refund no support @AmazonHelp @115850 @115851","Contacted close to 15 agents but no resolved issue,40k blocked been 2 months no refund no support",BILLING,BILLING,High Stakes Escalation,True,Financial fraud/security dispute requiring account audit and security escalation.,Verified human annotation for AmazonHelp customer tweet.
2964086,2964086,Wed Nov 29 21:40:25 +0000 2017,"Hey @115821 not really feeling the benefits of Prime. I live in Portland and the last few orders I have made over the past few months have ALL been late. Starting to question the point of paying for Prime. 
Sincerely, Disappointed.","Hey not really feeling the benefits of Prime. I live in Portland and the last few orders I have made over the past few months have ALL been late. Starting to question the point of paying for Prime. Sincerely, Disappointed.",BILLING,TECHNICAL,Borderline / Ambiguous,False,"Ambiguous customer inquiry, but resolvable via self-service portal (e.g. Your Orders).","Rule 2 Applied: Device, app, or digital content technical issue."
403044,711628,Tue Oct 10 21:59:23 +0000 2017,"@AmazonHelp That's ok.  I'll just take a $100,000 gift card to Amazon. That should take away some of the inconvenience.  ;-)","That's ok. I'll just take a $100,000 gift card to Amazon. That should take away some of the inconvenience. ;-)",BILLING,BILLING,Routine,False,Routine inquiry resolvable via standard automated message or help documentation.,Verified human annotation for AmazonHelp customer tweet.
2930153,2930153,Wed Nov 29 06:20:10 +0000 2017,@118919 @AmazonHelp since more than 1 month I am struggling for my refund no help from customer service LET me know if I need to file complain against payment gateway,since more than 1 month I am struggling for my refund no help from customer service LET me know if I need to file complain against payment gateway,BILLING,BILLING,Borderline / Ambiguous,True,Requires account lookup / PII verification via Direct Message to resolve customer order issue.,Verified human annotation for AmazonHelp customer tweet.
866091,866091,Fri Oct 20 17:21:39 +0000 2017,this fake promotion it for u refund me 10 to refund money after product reaching to wear house. with long conversation @115850 https://t.co/977MYOdrrY,this fake promotion it for u refund me 10 to refund money after product reaching to wear house. with long conversation,BILLING,BILLING,Borderline / Ambiguous,False,"Ambiguous customer inquiry, but resolvable via self-service portal (e.g. Your Orders).",Verified human annotation for AmazonHelp customer tweet.
902432,902431,Sat Oct 14 15:07:14 +0000 2017,@AmazonHelp Thanks for accepting the feedback!,Thanks for accepting the feedback!,BILLING,BILLING,Routine,False,Routine inquiry resolvable via standard automated message or help documentation.,Verified human annotation for AmazonHelp customer tweet.
893164,893164,Tue Oct 10 04:42:00 +0000 2017,So I preordered Turtles All the Way Down 2 months ago &amp; amazon waits to charge it today when I have $.79 in my bank account🙃,So I preordered Turtles All the Way Down 2 months ago & amazon waits to charge it today when I have $.79 in my bank account🙃,BILLING,BILLING,High Stakes Escalation,True,Financial fraud/security dispute requiring account audit and security escalation.,Verified human annotation for AmazonHelp customer tweet.
1300442,1300442,Mon Oct 16 09:13:05 +0000 2017,@AmazonHelp if I recharge from Amazon pay than I will get 8 coupon of 50 rupee in my jio app and also 101 rupees in Amazon pay account,if I recharge from Amazon pay than I will get 8 coupon of 50 rupee in my jio app and also 101 rupees in Amazon pay account,BILLING,TECHNICAL,Routine,False,Routine inquiry resolvable via standard automated message or help documentation.,"Rule 2 Applied: Device, app, or digital content technical issue."
270903,270903,Fri Oct 06 01:57:28 +0000 2017,@116618 please tell me how to sign in so my tv knows I have prime. It wants to charge me for all the prime movies that should be free,please tell me how to sign in so my tv knows I have prime. It wants to charge me for all the prime movies that should be free,BILLING,TECHNICAL,Borderline / Ambiguous,False,"Ambiguous customer inquiry, but resolvable via self-service portal (e.g. Your Orders).","Rule 2 Applied: Device, app, or digital content technical issue."
1620624,1620623,Tue Nov 07 17:15:20 +0000 2017,"@AmazonHelp Done. Filled one online feedback form and shared the photos.
Please do the needful.",Done. Filled one online feedback form and shared the photos. Please do the needful.,BILLING,BILLING,Routine,False,Routine inquiry resolvable via standard automated message or help documentation.,Verified human annotation for AmazonHelp customer tweet.
2458419,2458419,Wed Nov 15 05:33:03 +0000 2017,@AmazonHelp you know how hard life is without a smartphone cause it is already been so late i request you to carry on your investigation but refund my money cause i have to buy a new phone .Please help me.,you know how hard life is without a smartphone cause it is already been so late i request you to carry on your investigation but refund my money cause i have to buy a new phone .Please help me.,BILLING,BILLING,Borderline / Ambiguous,True,Requires account lookup / PII verification via Direct Message to resolve customer order issue.,Verified human annotation for AmazonHelp customer tweet.
713739,713738,Tue Oct 10 23:05:09 +0000 2017,@AmazonHelp Luckily nothing was missing or damaged. Was just a little surprised that it went out of the warehouse like this.,Luckily nothing was missing or damaged. Was just a little surprised that it went out of the warehouse like this.,SHIPPING,SHIPPING,Borderline / Ambiguous,False,"Ambiguous customer inquiry, but resolvable via self-service portal (e.g. Your Orders).",Verified human annotation for AmazonHelp customer tweet.
1310098,1310099,Sat Oct 28 04:11:32 +0000 2017,@115821 Thanks for ruining my Halloween with your unreliable service I pay $99 a year for. 4th botched/late/undelivered order in 10 weeks,Thanks for ruining my Halloween with your unreliable service I pay $99 a year for. 4th botched/late/undelivered order in 10 weeks,SHIPPING,SHIPPING,Borderline / Ambiguous,False,"Ambiguous customer inquiry, but resolvable via self-service portal (e.g. Your Orders).",Verified human annotation for AmazonHelp customer tweet.
663800,663800,Thu Nov 23 02:10:36 +0000 2017,So much for 2 day free shipping on @115821 when it won’t be delivered on Saturday. Glad I ordered something on Monday that I need before Saturday 🤬🤬🤬🤬,So much for 2 day free shipping on when it won’t be delivered on Saturday. Glad I ordered something on Monday that I need before Saturday 🤬🤬🤬🤬,SHIPPING,SHIPPING,Routine,False,Routine inquiry resolvable via standard automated message or help documentation.,Verified human annotation for AmazonHelp customer tweet.
1380521,1380521,Sat Oct 28 05:13:35 +0000 2017,Surprised &amp; disappointed that @115821 left a package outside my building today. When will @115821 let us choose a shipping method? #amzl👎🏻,Surprised & disappointed that left a package outside my building today. When will let us choose a shipping method? #amzl👎🏻,SHIPPING,TECHNICAL,Routine,False,Routine inquiry resolvable via standard automated message or help documentation.,"Rule 2 Applied: Device, app, or digital content technical issue."
671641,671634,Thu Nov 23 10:02:44 +0000 2017,"@AmazonHelp Right, but a.) Why does the page say it can't be shipped to me? and b.) This has happened with multiple items way below size and weight restrictions too, no notice of not being able to ship, just can't.","Right, but a.) Why does the page say it can't be shipped to me? and b.) This has happened with multiple items way below size and weight restrictions too, no notice of not being able to ship, just can't.",SHIPPING,TECHNICAL,Borderline / Ambiguous,False,"Ambiguous customer inquiry, but resolvable via self-service portal (e.g. Your Orders).","Rule 2 Applied: Device, app, or digital content technical issue."
1464282,1464282,Thu Nov 02 18:51:06 +0000 2017,@115850 @AmazonHelp  Order# 408-9863763-1429137 will my order be shipped or not?,Order# 408-9863763-1429137 will my order be shipped or not?,SHIPPING,SHIPPING,Borderline / Ambiguous,True,Requires account lookup / PII verification via Direct Message to resolve customer order issue.,Verified human annotation for AmazonHelp customer tweet.
183075,183075,Wed Oct 04 16:36:41 +0000 2017,"@AmazonHelp
Talked regarding delivery delay issue worst experience. Unprofessional cs agent",Talked regarding delivery delay issue worst experience. Unprofessional cs agent,SHIPPING,SHIPPING,Borderline / Ambiguous,True,Requires account lookup / PII verification via Direct Message to resolve customer order issue.,Verified human annotation for AmazonHelp customer tweet.
65773,65769,Thu Nov 30 08:33:32 +0000 2017,@AmazonHelp I was provided with none !!!! 😡 but imagine waking up to another message saying we’ve attempted to deliver today and you weren’t available .. I’m still in my pjs ..  😩😩😩 dies someone want to explain to me what I’m paying for with  this prime thingy ???  Furious,I was provided with none !!!! 😡 but imagine waking up to another message saying we’ve attempted to deliver today and you weren’t available .. I’m still in my pjs .. 😩😩😩 dies someone want to explain to me what I’m paying for with this prime thingy ??? Furious,SHIPPING,SHIPPING,Routine,False,Routine inquiry resolvable via standard automated message or help documentation.,Verified human annotation for AmazonHelp customer tweet.
294857,294855,Fri Oct 06 17:52:44 +0000 2017,"@AmazonHelp Sorry but ur reply is no help at all

The email just said it was delivered to number ""xx"" but didn't confirm which road!","Sorry but ur reply is no help at all The email just said it was delivered to number ""xx"" but didn't confirm which road!",SHIPPING,SHIPPING,Routine,False,Routine inquiry resolvable via standard automated message or help documentation.,Verified human annotation for AmazonHelp customer tweet.
1311276,1311275,Sun Nov 05 13:54:19 +0000 2017,@AmazonHelp Amazon logistics. No reason. Ordered yesterday saying delivery today. Email today with dispatch on saying delivery tomorrow,Amazon logistics. No reason. Ordered yesterday saying delivery today. Email today with dispatch on saying delivery tomorrow,SHIPPING,SHIPPING,Routine,False,Routine inquiry resolvable via standard automated message or help documentation.,Verified human annotation for AmazonHelp customer tweet.
710049,710049,Tue Oct 10 21:00:05 +0000 2017,"The only time I receive a package damaged, is when it clearly says ""handle with care"" ""lithium ion battery present"" @115817 @115821 https://t.co/tOBaUpzI0M","The only time I receive a package damaged, is when it clearly says ""handle with care"" ""lithium ion battery present""",SHIPPING,SHIPPING,High Stakes Escalation,True,Safety or high-risk property damage issue requiring human safety team review.,Verified human annotation for AmazonHelp customer tweet.
238149,238125,Tue Sep 26 09:23:00 +0000 2017,@AmazonHelp Subtitles are missing for This is Us,Subtitles are missing for This is Us,SHIPPING,TECHNICAL,Routine,False,Routine inquiry resolvable via standard automated message or help documentation.,"Rule 2 Applied: Device, app, or digital content technical issue."
2132867,2132872,Mon Nov 13 01:36:55 +0000 2017,@AmazonHelp really fun new update... says it was delivered Friday? Nope. It’s truly a mystery.,really fun new update... says it was delivered Friday? Nope. It’s truly a mystery.,SHIPPING,TECHNICAL,Routine,False,Routine inquiry resolvable via standard automated message or help documentation.,"Rule 2 Applied: Device, app, or digital content technical issue."
1593606,1593606,Tue Oct 17 08:26:57 +0000 2017,@115821 I've got my shipping today: 3 folders 3 parcels. What a waste dudes!! #disappointed https://t.co/GEmk5wmurd,I've got my shipping today: 3 folders 3 parcels. What a waste dudes!! #disappointed,SHIPPING,TECHNICAL,Routine,False,Routine inquiry resolvable via standard automated message or help documentation.,"Rule 2 Applied: Device, app, or digital content technical issue."
726764,726764,Wed Oct 11 05:44:46 +0000 2017,@115850....guys need help. Shipment delayed &amp; hasnt arrived even aftr 4 days of order (chose prime for guaranteed one day delivery)....:( https://t.co/uuEh3cg6nF,....guys need help. Shipment delayed & hasnt arrived even aftr 4 days of order (chose prime for guaranteed one day delivery)....:(,SHIPPING,SHIPPING,Borderline / Ambiguous,False,"Ambiguous customer inquiry, but resolvable via self-service portal (e.g. Your Orders).",Verified human annotation for AmazonHelp customer tweet.
979481,979479,Sat Oct 14 09:38:50 +0000 2017,@AmazonHelp The Last Ship S4,The Last Ship S4,SHIPPING,SHIPPING,Routine,False,Routine inquiry resolvable via standard automated message or help documentation.,Verified human annotation for AmazonHelp customer tweet.
1041657,1041660,Tue Nov 21 02:00:46 +0000 2017,@AmazonHelp so should i wait here until 8.  seeing as to how they lied already.  what if they say they will deliver but they won't .  i will be stuck at work for a while,so should i wait here until 8. seeing as to how they lied already. what if they say they will deliver but they won't . i will be stuck at work for a while,SHIPPING,SHIPPING,Borderline / Ambiguous,False,"Ambiguous customer inquiry, but resolvable via self-service portal (e.g. Your Orders).",Verified human annotation for AmazonHelp customer tweet.
2361800,2361800,Mon Nov 13 21:09:13 +0000 2017,"@115821 3 late deliveries in 1 week, what's going on? Not what I expect (or pay for) from Prime!","3 late deliveries in 1 week, what's going on? Not what I expect (or pay for) from Prime!",SHIPPING,SHIPPING,Borderline / Ambiguous,False,"Ambiguous customer inquiry, but resolvable via self-service portal (e.g. Your Orders).",Verified human annotation for AmazonHelp customer tweet.
643730,643728,Fri Oct 13 05:42:04 +0000 2017,@AmazonHelp @115858 must take a note... your products are being tampered with before being delivered by online shopping sites such as @115850,must take a note... your products are being tampered with before being delivered by online shopping sites such as,SHIPPING,SHIPPING,Routine,False,Routine inquiry resolvable via standard automated message or help documentation.,Verified human annotation for AmazonHelp customer tweet.
852811,852810,Fri Oct 20 15:38:44 +0000 2017,@AmazonHelp yes. The delivery was scheduled on 20th October.,yes. The delivery was scheduled on 20th October.,SHIPPING,SHIPPING,Routine,False,Routine inquiry resolvable via standard automated message or help documentation.,Verified human annotation for AmazonHelp customer tweet.
879231,879231,Fri Oct 13 16:26:01 +0000 2017,Thanks @115821 The package I was expecting to ship Oct. 13-Nov. 1 is now shipping Nov. 10-Nov. 24. I order this package on Sept. 23! 😡,Thanks The package I was expecting to ship Oct. 13-Nov. 1 is now shipping Nov. 10-Nov. 24. I order this package on Sept. 23! 😡,SHIPPING,SHIPPING,Routine,False,Routine inquiry resolvable via standard automated message or help documentation.,Verified human annotation for AmazonHelp customer tweet.
1385709,1385711,Sun Oct 29 06:35:32 +0000 2017,@AmazonHelp From Amazon directly and shipped through shop and ship. Website: .com,From Amazon directly and shipped through shop and ship. Website: .com,SHIPPING,SHIPPING,Routine,False,Routine inquiry resolvable via standard automated message or help documentation.,Verified human annotation for AmazonHelp customer tweet.
2663787,2663763,Tue Oct 31 08:26:18 +0000 2017,@AmazonHelp Yes 4 of them all of them saying they just reset my account which isn’t what I needed at all I don’t want anymore emails. I need the package,Yes 4 of them all of them saying they just reset my account which isn’t what I needed at all I don’t want anymore emails. I need the package,SHIPPING,SHIPPING,Routine,False,Routine inquiry resolvable via standard automated message or help documentation.,Verified human annotation for AmazonHelp customer tweet.
1251303,1251302,Thu Oct 26 04:39:40 +0000 2017,"@AmazonHelp so I ordered two shirts that were Amazon Prime, they are supposed to ship today, the 25, but say they won't arrive until Tues, how is that?","so I ordered two shirts that were Amazon Prime, they are supposed to ship today, the 25, but say they won't arrive until Tues, how is that?",SHIPPING,SHIPPING,Borderline / Ambiguous,False,"Ambiguous customer inquiry, but resolvable via self-service portal (e.g. Your Orders).",Verified human annotation for AmazonHelp customer tweet.
1524051,1524050,Sat Nov 04 15:38:34 +0000 2017,@AmazonHelp It's through the amazon carrier and the last update is wednesday. What is the point of using your own carrier when it is inferior to others?,It's through the amazon carrier and the last update is wednesday. What is the point of using your own carrier when it is inferior to others?,SHIPPING,TECHNICAL,Routine,False,Routine inquiry resolvable via standard automated message or help documentation.,"Rule 2 Applied: Device, app, or digital content technical issue."
29991,29989,Wed Nov 01 11:36:57 +0000 2017,"@AmazonHelp I have been calling daily Amazon cs, as my replacement was to be delivered on 25th on priority as told by agent not yet received !!","I have been calling daily Amazon cs, as my replacement was to be delivered on 25th on priority as told by agent not yet received !!",SHIPPING,SHIPPING,Routine,False,Routine inquiry resolvable via standard automated message or help documentation.,Verified human annotation for AmazonHelp customer tweet.
571718,571716,Sun Dec 03 04:34:25 +0000 2017,"@AmazonHelp It WAS Dec 1st, then Dec 2nd, and now the 4th (all carrier issues)! @81 Never does this","It WAS Dec 1st, then Dec 2nd, and now the 4th (all carrier issues)! Never does this",SHIPPING,SHIPPING,Routine,False,Routine inquiry resolvable via standard automated message or help documentation.,Verified human annotation for AmazonHelp customer tweet.
536539,536536,Sat Dec 02 13:43:35 +0000 2017,@AmazonHelp I already know that and it doesn’t help me finish the job today. So when is a next day PRIME delivery not next day!!!!😡,I already know that and it doesn’t help me finish the job today. So when is a next day PRIME delivery not next day!!!!😡,SHIPPING,SHIPPING,Routine,False,Routine inquiry resolvable via standard automated message or help documentation.,Verified human annotation for AmazonHelp customer tweet.
2349834,2349833,Mon Oct 30 04:16:32 +0000 2017,@AmazonHelp 20 days to deliver an order. Your apologies are doesn't fill the gap. Upset with your service. Your competitors are far better.,20 days to deliver an order. Your apologies are doesn't fill the gap. Upset with your service. Your competitors are far better.,SHIPPING,SHIPPING,Routine,False,Routine inquiry resolvable via standard automated message or help documentation.,Verified human annotation for AmazonHelp customer tweet.
113763,113755,Thu Nov 23 20:41:55 +0000 2017,@115821 I have the app but don’t have amazon prime membership???? https://t.co/GzUFyTn2xW,I have the app but don’t have amazon prime membership????,SHIPPING,TECHNICAL,Routine,False,Routine inquiry resolvable via standard automated message or help documentation.,"Rule 2 Applied: Device, app, or digital content technical issue."
476843,476843,Fri Dec 01 11:18:47 +0000 2017,"@115830 Any reason why normal service has dropped over last few months, same day delivery on ANYTHING (yes you delivery to my post code) never has a cut of at 12pm and it's not available everyday as you proudly advertise either","Any reason why normal service has dropped over last few months, same day delivery on ANYTHING (yes you delivery to my post code) never has a cut of at 12pm and it's not available everyday as you proudly advertise either",SHIPPING,SHIPPING,Borderline / Ambiguous,False,"Ambiguous customer inquiry, but resolvable via self-service portal (e.g. Your Orders).",Verified human annotation for AmazonHelp customer tweet.
2319437,2319441,Mon Nov 13 15:08:07 +0000 2017,"@AmazonHelp 😀😀 i use to check it daily, nothing is been done yet as said.
They said my courier will be rolled back in 24 hrs, i didn't got my new orders even😀😀","😀😀 i use to check it daily, nothing is been done yet as said. They said my courier will be rolled back in 24 hrs, i didn't got my new orders even😀😀",SHIPPING,SHIPPING,Routine,False,Routine inquiry resolvable via standard automated message or help documentation.,Verified human annotation for AmazonHelp customer tweet.
2176404,2176408,Thu Oct 19 15:06:46 +0000 2017,@AmazonHelp It's not the carrier.  It the WAREHOUSE,It's not the carrier. It the WAREHOUSE,SHIPPING,SHIPPING,Routine,False,Routine inquiry resolvable via standard automated message or help documentation.,Verified human annotation for AmazonHelp customer tweet.
450719,450719,Thu Nov 30 21:40:03 +0000 2017,So @115830 I pay for prime and 3/5 of my last prime deliveries haven’t arrived on time and one electrical item was left outside?? An explanation would be nice!,So I pay for prime and 3/5 of my last prime deliveries haven’t arrived on time and one electrical item was left outside?? An explanation would be nice!,SHIPPING,SHIPPING,Routine,False,Routine inquiry resolvable via standard automated message or help documentation.,Verified human annotation for AmazonHelp customer tweet.
1173026,1173026,Tue Oct 24 19:49:12 +0000 2017,"Yes. I'm having major issues.Two packages were stolen from my porch this morning and I am mad as hell! 
$600 worth of scientific instruments https://t.co/YZMchupcG3",Yes. I'm having major issues.Two packages were stolen from my porch this morning and I am mad as hell! $600 worth of scientific instruments,SHIPPING,SHIPPING,High Stakes Escalation,True,Financial fraud/security dispute requiring account audit and security escalation.,Verified human annotation for AmazonHelp customer tweet.
1137293,1137292,Wed Oct 25 08:43:30 +0000 2017,"@AmazonHelp i have order , but there are telling we are unable to track order nd cut the call.
can't understand what's wrong is ongoing with Amazon","i have order , but there are telling we are unable to track order nd cut the call. can't understand what's wrong is ongoing with Amazon",SHIPPING,SHIPPING,Routine,False,Routine inquiry resolvable via standard automated message or help documentation.,Verified human annotation for AmazonHelp customer tweet.
1570743,1570743,Tue Oct 17 06:05:09 +0000 2017,@120543 waiting for my order from @115850 to be delivered for last seven days. The delivery guy never comes but,waiting for my order from to be delivered for last seven days. The delivery guy never comes but,SHIPPING,SHIPPING,Routine,False,Routine inquiry resolvable via standard automated message or help documentation.,Verified human annotation for AmazonHelp customer tweet.
1247764,1247764,Thu Oct 26 01:29:14 +0000 2017,@AmazonHelp Sooooooo I have a package that was supposed to be delivered by 9pm... It's 9:30...,Sooooooo I have a package that was supposed to be delivered by 9pm... It's 9:30...,SHIPPING,SHIPPING,Routine,False,Routine inquiry resolvable via standard automated message or help documentation.,Verified human annotation for AmazonHelp customer tweet.
812329,812329,Sat Nov 25 09:51:11 +0000 2017,Oh FFS! The Prine items I ordered which stated they weren’t being delivered until Monday are now dispatched to be delivered today but I’m now not in because I didn’t need to be! Organise yourselves @115830!!,Oh FFS! The Prine items I ordered which stated they weren’t being delivered until Monday are now dispatched to be delivered today but I’m now not in because I didn’t need to be! Organise yourselves !!,SHIPPING,SHIPPING,Routine,False,Routine inquiry resolvable via standard automated message or help documentation.,Verified human annotation for AmazonHelp customer tweet.
1387061,1387061,Mon Nov 20 07:13:32 +0000 2017,@AmazonHelp I placed an order on Saturday that should be delivered today but the status is showing as preparing to dispatch. How accurate are your tracking details?,I placed an order on Saturday that should be delivered today but the status is showing as preparing to dispatch. How accurate are your tracking details?,SHIPPING,SHIPPING,Borderline / Ambiguous,False,"Ambiguous customer inquiry, but resolvable via self-service portal (e.g. Your Orders).",Verified human annotation for AmazonHelp customer tweet.
175403,175403,Fri Nov 24 23:52:40 +0000 2017,"@115821 Package says it was delivered, and I’ve been home all day.  Now what?","Package says it was delivered, and I’ve been home all day. Now what?",SHIPPING,SHIPPING,Routine,False,Routine inquiry resolvable via standard automated message or help documentation.,Verified human annotation for AmazonHelp customer tweet.
540886,540886,Sat Dec 02 15:24:02 +0000 2017,"@115830 - absolutely disgusted with the service I have [not] received since order a tv.  You really don't care about the little guy... a week of failed deliveries, and i'm waiting again for a supervisor to call and probably lie to me again...","- absolutely disgusted with the service I have [not] received since order a tv. You really don't care about the little guy... a week of failed deliveries, and i'm waiting again for a supervisor to call and probably lie to me again...",SHIPPING,SHIPPING,Routine,False,Routine inquiry resolvable via standard automated message or help documentation.,Verified human annotation for AmazonHelp customer tweet.
271245,271245,Fri Oct 06 02:33:30 +0000 2017,today I had to help the amazon delivery guy figure out how to scan the package he was delivering to us. so basically i work for amazon now,today I had to help the amazon delivery guy figure out how to scan the package he was delivering to us. so basically i work for amazon now,SHIPPING,SHIPPING,Borderline / Ambiguous,False,"Ambiguous customer inquiry, but resolvable via self-service portal (e.g. Your Orders).",Verified human annotation for AmazonHelp customer tweet.
613974,613973,Sat Nov 25 06:46:24 +0000 2017,"@AmazonHelp Gati India has been consistently failing to deliver my orders at the Pin code - 272154 and though India Post delivers, I don't know why Amazon &amp; Cloudtail don't send via India Post &amp; funny thing is I'm a Prime customer","Gati India has been consistently failing to deliver my orders at the Pin code - 272154 and though India Post delivers, I don't know why Amazon & Cloudtail don't send via India Post & funny thing is I'm a Prime customer",SHIPPING,SHIPPING,Borderline / Ambiguous,False,"Ambiguous customer inquiry, but resolvable via self-service portal (e.g. Your Orders).",Verified human annotation for AmazonHelp customer tweet.
1466049,1466049,Thu Nov 02 18:16:14 +0000 2017,@115821 can you help me identify a supplier of MyProtein Whey Protein that will deliver to Riyadh-Saudi Arabia?,can you help me identify a supplier of MyProtein Whey Protein that will deliver to Riyadh-Saudi Arabia?,SHIPPING,SHIPPING,Routine,False,Routine inquiry resolvable via standard automated message or help documentation.,Verified human annotation for AmazonHelp customer tweet.
2170900,2170900,Thu Nov 09 12:40:02 +0000 2017,"@115821 Seems you are having a lot of issues with your deliveries lately??! I have had several late deliveries and also a few lost ones, latest is a mobile phone order that no one knows where it is and I am not getting any response?? @AmazonHelp","Seems you are having a lot of issues with your deliveries lately??! I have had several late deliveries and also a few lost ones, latest is a mobile phone order that no one knows where it is and I am not getting any response??",SHIPPING,SHIPPING,Borderline / Ambiguous,True,Requires account lookup / PII verification via Direct Message to resolve customer order issue.,Verified human annotation for AmazonHelp customer tweet.
1892139,1892133,Wed Nov 15 01:21:48 +0000 2017,@AmazonHelp Still not here. Carrier is listed as AMZL US,Still not here. Carrier is listed as AMZL US,SHIPPING,SHIPPING,Routine,False,Routine inquiry resolvable via standard automated message or help documentation.,Verified human annotation for AmazonHelp customer tweet.
2946832,2946832,Wed Nov 29 15:57:45 +0000 2017,@115821 for almost the last 2 weeks nearly ALL of my packages have been getting delayed what’s the point of being a prime member,for almost the last 2 weeks nearly ALL of my packages have been getting delayed what’s the point of being a prime member,SHIPPING,SHIPPING,Borderline / Ambiguous,False,"Ambiguous customer inquiry, but resolvable via self-service portal (e.g. Your Orders).",Verified human annotation for AmazonHelp customer tweet.
1595364,1595364,Sat Nov 04 21:16:52 +0000 2017,Please help @116935 I ordered an album but the mp3s won't show up. This was going to be my soundtrack for tonight,Please help I ordered an album but the mp3s won't show up. This was going to be my soundtrack for tonight,SHIPPING,TECHNICAL,Borderline / Ambiguous,False,"Ambiguous customer inquiry, but resolvable via self-service portal (e.g. Your Orders).","Rule 2 Applied: Device, app, or digital content technical issue."
1458013,1458012,Thu Nov 02 21:10:47 +0000 2017,@AmazonHelp Yes I have. I received my other 2 items. Not sure why the dress wasn't delivered. I need it tomorrow for a wake- I'm leaving in the morning,Yes I have. I received my other 2 items. Not sure why the dress wasn't delivered. I need it tomorrow for a wake- I'm leaving in the morning,SHIPPING,SHIPPING,Borderline / Ambiguous,False,"Ambiguous customer inquiry, but resolvable via self-service portal (e.g. Your Orders).",Verified human annotation for AmazonHelp customer tweet.
451885,451885,Thu Nov 30 22:15:14 +0000 2017,Todos deviam ter um Kindle @117086,Todos deviam ter um Kindle,TECHNICAL,TECHNICAL,Routine,False,Routine inquiry resolvable via standard automated message or help documentation.,"Rule 2 Applied: Device, app, or digital content technical issue."
361035,361035,Sun Oct 08 17:01:18 +0000 2017,@AmazonHelp I hv observed tht kindle fire TV disconnects from internet after a while n it is  recurring.although internet is working fine.,I hv observed tht kindle fire TV disconnects from internet after a while n it is recurring.although internet is working fine.,TECHNICAL,TECHNICAL,High Stakes Escalation,True,Safety or high-risk property damage issue requiring human safety team review.,"Rule 2 Applied: Device, app, or digital content technical issue."
780356,780355,Thu Oct 12 05:54:20 +0000 2017,@AmazonHelp it's the 14th but thank you! having a lot of fun with my Echo,it's the 14th but thank you! having a lot of fun with my Echo,TECHNICAL,TECHNICAL,Routine,False,Routine inquiry resolvable via standard automated message or help documentation.,"Rule 2 Applied: Device, app, or digital content technical issue."
1406115,1406115,Mon Nov 13 06:10:27 +0000 2017,"@115850 I wanted to gift an Echo Plus to a friend getting married on 18th Nov but it's out of stock! Any chance you guys could help, please?","I wanted to gift an Echo Plus to a friend getting married on 18th Nov but it's out of stock! Any chance you guys could help, please?",TECHNICAL,TECHNICAL,Routine,False,Routine inquiry resolvable via standard automated message or help documentation.,"Rule 2 Applied: Device, app, or digital content technical issue."
2670714,2670716,Sun Nov 19 14:51:55 +0000 2017,@AmazonHelp I see. Of course am a prime member but to hear the songs and music I don't want to get an Alexa as additional purchase. Nice Business strategy. LOL.,I see. Of course am a prime member but to hear the songs and music I don't want to get an Alexa as additional purchase. Nice Business strategy. LOL.,TECHNICAL,TECHNICAL,Routine,False,Routine inquiry resolvable via standard automated message or help documentation.,"Rule 2 Applied: Device, app, or digital content technical issue."
529084,529084,Sat Dec 02 09:13:44 +0000 2017,"@116935 ""upload service is not responding"" - any idea? I want to get more music on my new echo!","""upload service is not responding"" - any idea? I want to get more music on my new echo!",TECHNICAL,TECHNICAL,Routine,False,Routine inquiry resolvable via standard automated message or help documentation.,"Rule 2 Applied: Device, app, or digital content technical issue."
2403857,2403855,Tue Nov 14 14:31:51 +0000 2017,"@AmazonHelp I actually did set up a playlist. Alexa could not find a song which I could see on Amazon music. I had to make a playlist, add the song then play the list. Though control though the music programme would be really handy. Like iTunes I guess.","I actually did set up a playlist. Alexa could not find a song which I could see on Amazon music. I had to make a playlist, add the song then play the list. Though control though the music programme would be really handy. Like iTunes I guess.",TECHNICAL,TECHNICAL,Routine,False,Routine inquiry resolvable via standard automated message or help documentation.,"Rule 2 Applied: Device, app, or digital content technical issue."
2444042,2444041,Wed Nov 15 03:37:29 +0000 2017,"@AmazonHelp Placed an order on Sun 12 Nov (all items were in stock, and Prime eligible).  We noticed they did not arrive today, so we checked my wife’s account and saw that the EDD is now Mom 20 Nov.  That won’t work since we needed the items for trip that we leave for on Thu 17 Nov.","Placed an order on Sun 12 Nov (all items were in stock, and Prime eligible). We noticed they did not arrive today, so we checked my wife’s account and saw that the EDD is now Mom 20 Nov. That won’t work since we needed the items for trip that we leave for on Thu 17 Nov.",TECHNICAL,TECHNICAL,Routine,False,Routine inquiry resolvable via standard automated message or help documentation.,Verified human annotation for AmazonHelp customer tweet.
2692311,2692311,Sun Nov 19 02:03:09 +0000 2017,Contact us error says to contact @115821 hmmn can’t download prime video! https://t.co/XULAmVLE1q,Contact us error says to contact hmmn can’t download prime video!,TECHNICAL,TECHNICAL,Routine,False,Routine inquiry resolvable via standard automated message or help documentation.,"Rule 2 Applied: Device, app, or digital content technical issue."
250662,250662,Thu Oct 05 17:19:58 +0000 2017,"@AmazonHelp hi, how much is the amazon music unlimited for echo subscription? Your site doesn't say

https://t.co/5BS3KaTuqv","hi, how much is the amazon music unlimited for echo subscription? Your site doesn't say",TECHNICAL,TECHNICAL,Borderline / Ambiguous,False,"Ambiguous customer inquiry, but resolvable via self-service portal (e.g. Your Orders).","Rule 2 Applied: Device, app, or digital content technical issue."
2552215,2552214,Fri Nov 17 09:42:11 +0000 2017,"@AmazonHelp I have contacted support again! And again no replay! This is unacceptable that I have recommended to my customer to buy 1500 echo dots, and now when I have issue with fresh developed alexa skill no one try to help!","I have contacted support again! And again no replay! This is unacceptable that I have recommended to my customer to buy 1500 echo dots, and now when I have issue with fresh developed alexa skill no one try to help!",TECHNICAL,TECHNICAL,Routine,False,Routine inquiry resolvable via standard automated message or help documentation.,"Rule 2 Applied: Device, app, or digital content technical issue."
2358841,2358957,Mon Nov 13 20:46:41 +0000 2017,@AmazonHelp Nope. I still get the same error message when I try to return the items.,Nope. I still get the same error message when I try to return the items.,TECHNICAL,TECHNICAL,Routine,False,Routine inquiry resolvable via standard automated message or help documentation.,"Rule 2 Applied: Device, app, or digital content technical issue."
986081,986081,Sat Oct 14 10:22:33 +0000 2017,@115850 hi i have purchased the echo dot. When will the app release?,hi i have purchased the echo dot. When will the app release?,TECHNICAL,TECHNICAL,Routine,False,Routine inquiry resolvable via standard automated message or help documentation.,"Rule 2 Applied: Device, app, or digital content technical issue."
1129329,1129326,Tue Oct 24 11:17:22 +0000 2017,@AmazonHelp iPhone. With amazon unlimited. But all of a sudden it says unlimited can only be played on echo,iPhone. With amazon unlimited. But all of a sudden it says unlimited can only be played on echo,TECHNICAL,TECHNICAL,Routine,False,Routine inquiry resolvable via standard automated message or help documentation.,"Rule 2 Applied: Device, app, or digital content technical issue."
2652416,2652416,Sun Nov 19 06:58:37 +0000 2017,@115821 My echo dot arrived today and the blue light won’t turn off and I can’t connect it to WiFi. I think it’s faulty 😫,My echo dot arrived today and the blue light won’t turn off and I can’t connect it to WiFi. I think it’s faulty 😫,TECHNICAL,TECHNICAL,Routine,False,Routine inquiry resolvable via standard automated message or help documentation.,"Rule 2 Applied: Device, app, or digital content technical issue."
2273317,2273310,Sat Nov 11 12:51:50 +0000 2017,@AmazonHelp I logged in to amazon prime video app..And I'm browsing from Singapore,I logged in to amazon prime video app..And I'm browsing from Singapore,TECHNICAL,TECHNICAL,Routine,False,Routine inquiry resolvable via standard automated message or help documentation.,"Rule 2 Applied: Device, app, or digital content technical issue."
1220809,1220809,Sat Nov 25 19:36:26 +0000 2017,Habe von meinen Freunden einfach n Amazon Echo bekommen. Richtig NICE,Habe von meinen Freunden einfach n Amazon Echo bekommen. Richtig NICE,TECHNICAL,TECHNICAL,Routine,False,Routine inquiry resolvable via standard automated message or help documentation.,"Rule 2 Applied: Device, app, or digital content technical issue."
2678039,2678026,Sun Nov 19 13:25:30 +0000 2017,@AmazonHelp You'll do very well to see so much as a penny spent by my via amazon again. Appalling service appalling policies. Expect to see 2 kindle paperwhites and an alexa on eBay very soon.,You'll do very well to see so much as a penny spent by my via amazon again. Appalling service appalling policies. Expect to see 2 kindle paperwhites and an alexa on eBay very soon.,TECHNICAL,TECHNICAL,Routine,False,Routine inquiry resolvable via standard automated message or help documentation.,"Rule 2 Applied: Device, app, or digital content technical issue."
2570409,2570409,Mon Oct 30 16:31:47 +0000 2017,Anyone have any luck getting #Amazon to fix an error they made? I've tried since Jan to get them to add an author name without luck.,Anyone have any luck getting #Amazon to fix an error they made? I've tried since Jan to get them to add an author name without luck.,TECHNICAL,TECHNICAL,Routine,False,Routine inquiry resolvable via standard automated message or help documentation.,"Rule 2 Applied: Device, app, or digital content technical issue."
843119,944126,Fri Oct 20 07:42:02 +0000 2017,@AmazonHelp No Chance of Our Amazon.in #Proceed2CheckOut &amp; #CustomerCare 24Hrs is Not Working #VeryPoorService Plz Continue??,No Chance of Our Amazon.in #Proceed2CheckOut & #CustomerCare 24Hrs is Not Working #VeryPoorService Plz Continue??,TECHNICAL,TECHNICAL,Routine,False,Routine inquiry resolvable via standard automated message or help documentation.,Verified human annotation for AmazonHelp customer tweet.
235128,235125,Thu Oct 05 14:19:21 +0000 2017,"@AmazonHelp Yeah, just checked by pretending to reorder, &amp; the date is there. My error!","Yeah, just checked by pretending to reorder, & the date is there. My error!",TECHNICAL,TECHNICAL,Routine,False,Routine inquiry resolvable via standard automated message or help documentation.,"Rule 2 Applied: Device, app, or digital content technical issue."
2664641,2664641,Tue Oct 31 08:21:35 +0000 2017,"Kindleのデザイン変わっとる
どうせなら本のタイトル別にフォルダ分けしてくれないかな。",Kindleのデザイン変わっとる どうせなら本のタイトル別にフォルダ分けしてくれないかな。,TECHNICAL,TECHNICAL,Routine,False,Routine inquiry resolvable via standard automated message or help documentation.,"Rule 2 Applied: Device, app, or digital content technical issue."
522552,522552,Sat Dec 02 04:02:20 +0000 2017,"@AmazonHelp , Team , I am trying to subscribe for kindle unlimited for one month via 'Amazon pay'. It's not allowing. 
Error says, credit/debit card needed to continue subscription! that's users choice. You cannot define it. This is disappointing!",", Team , I am trying to subscribe for kindle unlimited for one month via 'Amazon pay'. It's not allowing. Error says, credit/debit card needed to continue subscription! that's users choice. You cannot define it. This is disappointing!",TECHNICAL,TECHNICAL,Routine,False,Routine inquiry resolvable via standard automated message or help documentation.,"Rule 2 Applied: Device, app, or digital content technical issue."
80764,80764,Thu Nov 30 13:01:56 +0000 2017,"Tres pedidos hechos y pagados simultáneamente, y los tres han venido de uno en uno. Habéis oído hablar de la huella ecológica, @116928? https://t.co/FmJvwCNqK4","Tres pedidos hechos y pagados simultáneamente, y los tres han venido de uno en uno. Habéis oído hablar de la huella ecológica, ?",TECHNICAL,TECHNICAL,Routine,False,Routine inquiry resolvable via standard automated message or help documentation.,"Rule 2 Applied: Device, app, or digital content technical issue."
45537,45537,Wed Nov 01 16:08:50 +0000 2017,@115850 when fire stick tv skill for alexa will be available? Seems it can not be done from app at this time.,when fire stick tv skill for alexa will be available? Seems it can not be done from app at this time.,TECHNICAL,TECHNICAL,High Stakes Escalation,True,Safety or high-risk property damage issue requiring human safety team review.,"Rule 2 Applied: Device, app, or digital content technical issue."
2643965,2643965,Tue Oct 31 03:16:11 +0000 2017,@116875 cada vez que compró me cobran $1 y jamás me han hecho una devolución... De peso en peso ya van como 20 @:,cada vez que compró me cobran $1 y jamás me han hecho una devolución... De peso en peso ya van como 20 @:,TECHNICAL,TECHNICAL,Routine,False,Routine inquiry resolvable via standard automated message or help documentation.,"Rule 2 Applied: Device, app, or digital content technical issue."
2307371,2307371,Mon Nov 13 01:21:27 +0000 2017,"Placed an order on @117795. Got redirected to an error page. Cart is empty. Go to my Orders, no order. Go back to a product, and there's a banner at the top saying I purchased the item today. Click on the ""View this order,"" end up on an error page.

/shrug","Placed an order on . Got redirected to an error page. Cart is empty. Go to my Orders, no order. Go back to a product, and there's a banner at the top saying I purchased the item today. Click on the ""View this order,"" end up on an error page. /shrug",TECHNICAL,TECHNICAL,Routine,False,Routine inquiry resolvable via standard automated message or help documentation.,"Rule 2 Applied: Device, app, or digital content technical issue."
2850731,2850733,Tue Nov 28 02:56:17 +0000 2017,"@AmazonHelp The t and c say to login, but my question is, if I'm already logged in, sould I logout and relogin to be eligible, or not necessary if already logged in?","The t and c say to login, but my question is, if I'm already logged in, sould I logout and relogin to be eligible, or not necessary if already logged in?",TECHNICAL,TECHNICAL,Routine,False,Routine inquiry resolvable via standard automated message or help documentation.,"Rule 2 Applied: Device, app, or digital content technical issue."
2319798,2319798,Mon Nov 13 12:59:03 +0000 2017,"@AmazonHelp que mal habéis echo en asociaros con correos para el reparto... en tres años de prime, primera vez que se retrasa el pedido. Correos 🖓🖓🖓","que mal habéis echo en asociaros con correos para el reparto... en tres años de prime, primera vez que se retrasa el pedido. Correos 🖓🖓🖓",TECHNICAL,TECHNICAL,Routine,False,Routine inquiry resolvable via standard automated message or help documentation.,"Rule 2 Applied: Device, app, or digital content technical issue."
530849,530849,Sat Dec 02 09:49:02 +0000 2017,ついに我が家にもAmazon echoが届いた https://t.co/v5pDvzr71S,ついに我が家にもAmazon echoが届いた,TECHNICAL,TECHNICAL,Routine,False,Routine inquiry resolvable via standard automated message or help documentation.,"Rule 2 Applied: Device, app, or digital content technical issue."
2471635,2471633,Wed Nov 15 11:52:09 +0000 2017,@AmazonHelp Ok thanks also its listed as echo but appearing when im trying to buy the dot. Does it work with both? https://t.co/gJiteSZXZN,Ok thanks also its listed as echo but appearing when im trying to buy the dot. Does it work with both?,TECHNICAL,TECHNICAL,Routine,False,Routine inquiry resolvable via standard automated message or help documentation.,"Rule 2 Applied: Device, app, or digital content technical issue."
1633190,1633188,Sun Nov 05 20:29:39 +0000 2017,@AmazonHelp My Alexa turns off. Randomly. Today it did it 4 times in 5 minutes. I’ve contacted CS at least 5 times with no resolution.,My Alexa turns off. Randomly. Today it did it 4 times in 5 minutes. I’ve contacted CS at least 5 times with no resolution.,TECHNICAL,TECHNICAL,Routine,False,Routine inquiry resolvable via standard automated message or help documentation.,"Rule 2 Applied: Device, app, or digital content technical issue."
1163747,1163743,Sun Oct 15 19:08:22 +0000 2017,AMAZON'S ERROR MESSAGE. Until it is TOO late and now i have to wait until TOMORROW AS IF THAT IS OKAY WHEN IT'S NOT BECAUSE WHO TF HAS -,AMAZON'S ERROR MESSAGE. Until it is TOO late and now i have to wait until TOMORROW AS IF THAT IS OKAY WHEN IT'S NOT BECAUSE WHO TF HAS -,TECHNICAL,TECHNICAL,Borderline / Ambiguous,False,"Ambiguous customer inquiry, but resolvable via self-service portal (e.g. Your Orders).","Rule 2 Applied: Device, app, or digital content technical issue."
486645,486645,Fri Dec 01 15:31:21 +0000 2017,@115821 someone hacked my account and changed the email address so now I can't login.  Your customer service rep told me to change my password which I can't do... help?,someone hacked my account and changed the email address so now I can't login. Your customer service rep told me to change my password which I can't do... help?,TECHNICAL,TECHNICAL,High Stakes Escalation,True,Financial fraud/security dispute requiring account audit and security escalation.,"Rule 2 Applied: Device, app, or digital content technical issue."
158773,158772,Fri Nov 24 17:56:55 +0000 2017,@AmazonHelp I want to cancel an order...... Your app or website will not allow it and just states there's an error. I want to cancel the order before it dispatches! Apparently I can't!,I want to cancel an order...... Your app or website will not allow it and just states there's an error. I want to cancel the order before it dispatches! Apparently I can't!,TECHNICAL,TECHNICAL,Borderline / Ambiguous,False,"Ambiguous customer inquiry, but resolvable via self-service portal (e.g. Your Orders).","Rule 2 Applied: Device, app, or digital content technical issue."
1581379,1581378,Sat Nov 04 19:54:58 +0000 2017,@AmazonHelp Yes I have. Also tried private mode and got the same error.,Yes I have. Also tried private mode and got the same error.,TECHNICAL,TECHNICAL,Routine,False,Routine inquiry resolvable via standard automated message or help documentation.,"Rule 2 Applied: Device, app, or digital content technical issue."
2281400,2281398,Sun Nov 26 15:49:41 +0000 2017,"@AmazonHelp Não sei, são tantos 😍 hahaha, mas amei o Kindle ❤","Não sei, são tantos 😍 hahaha, mas amei o Kindle ❤",TECHNICAL,TECHNICAL,Routine,False,Routine inquiry resolvable via standard automated message or help documentation.,"Rule 2 Applied: Device, app, or digital content technical issue."
1673019,1673029,Wed Oct 18 04:53:37 +0000 2017,@AmazonHelp Just a generic message won't work unless you vouch to implement it. Time to uninstall your app! #RIP,Just a generic message won't work unless you vouch to implement it. Time to uninstall your app! #RIP,TECHNICAL,TECHNICAL,Routine,False,Routine inquiry resolvable via standard automated message or help documentation.,"Rule 2 Applied: Device, app, or digital content technical issue."
86260,86258,Thu Nov 30 16:02:27 +0000 2017,"@AmazonHelp MS, thanks, but Phillips Hue won't work in English in Germany. It'll ask you to switch the device language to German (and also crash in the process). Fire TV stick and Alexa will not even display a link option with both devices set to English while connected to a German account.","MS, thanks, but Phillips Hue won't work in English in Germany. It'll ask you to switch the device language to German (and also crash in the process). Fire TV stick and Alexa will not even display a link option with both devices set to English while connected to a German account.",TECHNICAL,TECHNICAL,High Stakes Escalation,True,Safety or high-risk property damage issue requiring human safety team review.,"Rule 2 Applied: Device, app, or digital content technical issue."
2532006,2532003,Mon Oct 30 11:41:18 +0000 2017,"@AmazonHelp Yes, full access, online and app. Changed my password this morning too. Was told the order has been 'suspended' over the phone.","Yes, full access, online and app. Changed my password this morning too. Was told the order has been 'suspended' over the phone.",TECHNICAL,TECHNICAL,Borderline / Ambiguous,True,Requires account lookup / PII verification via Direct Message to resolve customer order issue.,"Rule 2 Applied: Device, app, or digital content technical issue."
579054,579045,Sun Dec 03 11:28:43 +0000 2017,@AmazonHelp Do they have to download the app and try to link in with Alexa before I add them ? I can’t find the household account,Do they have to download the app and try to link in with Alexa before I add them ? I can’t find the household account,TECHNICAL,TECHNICAL,Routine,False,Routine inquiry resolvable via standard automated message or help documentation.,"Rule 2 Applied: Device, app, or digital content technical issue."
609461,609461,Wed Nov 22 12:22:49 +0000 2017,@115821 I can not access my amazon account.I have not made any request to change my password and email.But they have been changed.What to do,I can not access my amazon account.I have not made any request to change my password and email.But they have been changed.What to do,TECHNICAL,TECHNICAL,Routine,False,Routine inquiry resolvable via standard automated message or help documentation.,"Rule 2 Applied: Device, app, or digital content technical issue."
776046,776045,Thu Oct 12 03:19:23 +0000 2017,@305433 @136279 @115821 I'm having the same issue with my Amazon Echo Show and Arlo,I'm having the same issue with my Amazon Echo Show and Arlo,TECHNICAL,TECHNICAL,Borderline / Ambiguous,False,"Ambiguous customer inquiry, but resolvable via self-service portal (e.g. Your Orders).","Rule 2 Applied: Device, app, or digital content technical issue."
2784546,2784546,Tue Nov 21 17:51:06 +0000 2017,Hello @115830 I cannot reset my password it keep whining cannot be found but I’m signed into the app! Doesn’t make sense,Hello I cannot reset my password it keep whining cannot be found but I’m signed into the app! Doesn’t make sense,TECHNICAL,TECHNICAL,Routine,False,Routine inquiry resolvable via standard automated message or help documentation.,"Rule 2 Applied: Device, app, or digital content technical issue."
1450050,1450050,Thu Nov 02 16:38:41 +0000 2017,"@AmazonHelp Dear Amazon, I recently purchased a Sonos One, but did not get one of the promotion coupons for the Echo Dot! Can u help me out?","Dear Amazon, I recently purchased a Sonos One, but did not get one of the promotion coupons for the Echo Dot! Can u help me out?",TECHNICAL,TECHNICAL,Routine,False,Routine inquiry resolvable via standard automated message or help documentation.,"Rule 2 Applied: Device, app, or digital content technical issue."
2578511,2578510,Thu Nov 16 21:48:38 +0000 2017,"@AmazonHelp Sweet, ordered a Fire Stick HD and it’s not working.","Sweet, ordered a Fire Stick HD and it’s not working.",TECHNICAL,TECHNICAL,High Stakes Escalation,True,Safety or high-risk property damage issue requiring human safety team review.,"Rule 2 Applied: Device, app, or digital content technical issue."
1125133,1125127,Sat Nov 25 11:39:03 +0000 2017,"@AmazonHelp Hi Amazon! Your team already responded via email. But they havent responded back after. So, tweeting here again instead. Your team has advised to use the Alexa app instead in order to create Voice Profile, but still I can't find the option. Please see screenshot. Thanks! https://t.co/mhwDJUlZsX","Hi Amazon! Your team already responded via email. But they havent responded back after. So, tweeting here again instead. Your team has advised to use the Alexa app instead in order to create Voice Profile, but still I can't find the option. Please see screenshot. Thanks!",TECHNICAL,TECHNICAL,Routine,False,Routine inquiry resolvable via standard automated message or help documentation.,"Rule 2 Applied: Device, app, or digital content technical issue."
2855207,2855207,Mon Nov 27 20:31:00 +0000 2017,"@115833 @AmazonHelp Guten Abend, meine Alexa aktiviert sich in den letzten paar Tagen immer wieder von selbst ohne das irgendwer das Aktivierungswort sagt. Ist auch bei Bekannten so. Woran liegt das?","Guten Abend, meine Alexa aktiviert sich in den letzten paar Tagen immer wieder von selbst ohne das irgendwer das Aktivierungswort sagt. Ist auch bei Bekannten so. Woran liegt das?",TECHNICAL,TECHNICAL,Routine,False,Routine inquiry resolvable via standard automated message or help documentation.,"Rule 2 Applied: Device, app, or digital content technical issue."
1275035,1275035,Thu Oct 26 15:32:02 +0000 2017,@117086 Quando vem Alexa pra cá ? Já estão acontecendo testes? Eu tenho muito interesse em desenvolver Skills para o público nacional,Quando vem Alexa pra cá ? Já estão acontecendo testes? Eu tenho muito interesse em desenvolver Skills para o público nacional,TECHNICAL,TECHNICAL,Routine,False,Routine inquiry resolvable via standard automated message or help documentation.,"Rule 2 Applied: Device, app, or digital content technical issue."
2932760,2932760,Wed Nov 29 09:05:28 +0000 2017,@115833 my echo dot has stop working recently it doesn’t even want to power on 😞 any solutions or advice,my echo dot has stop working recently it doesn’t even want to power on 😞 any solutions or advice,TECHNICAL,TECHNICAL,Routine,False,Routine inquiry resolvable via standard automated message or help documentation.,"Rule 2 Applied: Device, app, or digital content technical issue."
1779327,1779327,Mon Oct 23 13:19:43 +0000 2017,"I loved and adored Amazon till yesterday, but no longer... It's all about T&amp;C's. This is where small traders score. Sorry @115821 @115850","I loved and adored Amazon till yesterday, but no longer... It's all about T&C's. This is where small traders score. Sorry",GENERAL_INQUIRY,GENERAL_INQUIRY,Routine,False,Routine inquiry resolvable via standard automated message or help documentation.,Verified human annotation for AmazonHelp customer tweet.
445654,445654,Wed Nov 22 09:44:22 +0000 2017,"@AmazonHelp your ""we thought you would like this black friday offer"" and similar push notifications - can I get rid of them without having to disable all notifications or uninstall the app?","your ""we thought you would like this black friday offer"" and similar push notifications - can I get rid of them without having to disable all notifications or uninstall the app?",GENERAL_INQUIRY,TECHNICAL,Routine,False,Routine inquiry resolvable via standard automated message or help documentation.,"Rule 2 Applied: Device, app, or digital content technical issue."
2471650,2471650,Wed Nov 15 11:33:45 +0000 2017,"@AmazonHelp 
I ordered a number of books from https://t.co/xa7XoHhBYE via Amazon EU S.a.r.L. Only one book arrived. The order did not say part order or not. There is no option to query this on the order form. What can I do?",I ordered a number of books from via Amazon EU S.a.r.L. Only one book arrived. The order did not say part order or not. There is no option to query this on the order form. What can I do?,GENERAL_INQUIRY,SHIPPING,Routine,False,Routine inquiry resolvable via standard automated message or help documentation.,Verified human annotation for AmazonHelp customer tweet.
2212016,2212015,Fri Nov 10 06:36:35 +0000 2017,@AmazonHelp I have seen that email...what's new in this email.same communication again.i have responded to seller and provided everything.i can show that email.seller is lying and you guys agree with seller..do you have any care about buyers money?,I have seen that email...what's new in this email.same communication again.i have responded to seller and provided everything.i can show that email.seller is lying and you guys agree with seller..do you have any care about buyers money?,GENERAL_INQUIRY,GENERAL_INQUIRY,Borderline / Ambiguous,False,"Ambiguous customer inquiry, but resolvable via self-service portal (e.g. Your Orders).",Verified human annotation for AmazonHelp customer tweet.
737930,737929,Wed Oct 11 12:56:04 +0000 2017,@AmazonHelp I have an app .Let me now where frm app can i report,I have an app .Let me now where frm app can i report,GENERAL_INQUIRY,TECHNICAL,Routine,False,Routine inquiry resolvable via standard automated message or help documentation.,"Rule 2 Applied: Device, app, or digital content technical issue."
2678054,2678054,Sun Nov 19 13:04:17 +0000 2017,"The most annoying online experience @AmazonHelp The customer care hanged up my call without solving my problem, I will never ever trust @115850, They leaked my private details to a seller who sent me a local watch instead of the Hard drive 
@1840 @115851 #amazonscam","The most annoying online experience The customer care hanged up my call without solving my problem, I will never ever trust , They leaked my private details to a seller who sent me a local watch instead of the Hard drive #amazonscam",GENERAL_INQUIRY,GENERAL_INQUIRY,High Stakes Escalation,True,Financial fraud/security dispute requiring account audit and security escalation.,Verified human annotation for AmazonHelp customer tweet.
383325,383339,Mon Oct 09 17:58:10 +0000 2017,@AmazonHelp Lolz. You guys don't have update. You need to change your policy and copy / paste wala customer support. #NotAGreatIndianSale 😔😔😔,Lolz. You guys don't have update. You need to change your policy and copy / paste wala customer support. #NotAGreatIndianSale 😔😔😔,GENERAL_INQUIRY,TECHNICAL,Routine,False,Routine inquiry resolvable via standard automated message or help documentation.,"Rule 2 Applied: Device, app, or digital content technical issue."
206927,206926,Wed Oct 04 21:21:38 +0000 2017,@AmazonHelp Where can I find that info? https://t.co/PGvGbPzE9G,Where can I find that info?,GENERAL_INQUIRY,GENERAL_INQUIRY,Routine,False,Routine inquiry resolvable via standard automated message or help documentation.,Verified human annotation for AmazonHelp customer tweet.
987197,987197,Sat Oct 14 10:05:28 +0000 2017,"@115850 How do i add more than 20,000 in amazon pay wallet to purchase an iphone and avail the cashback of Rs.500 ??","How do i add more than 20,000 in amazon pay wallet to purchase an iphone and avail the cashback of Rs.500 ??",GENERAL_INQUIRY,BILLING,Borderline / Ambiguous,False,"Ambiguous customer inquiry, but resolvable via self-service portal (e.g. Your Orders).",Verified human annotation for AmazonHelp customer tweet.
1394390,1398327,Mon Oct 16 16:57:25 +0000 2017,@AmazonHelp I am now following you. Please follow me back and DM me the name of someone senior who can investigate this.,I am now following you. Please follow me back and DM me the name of someone senior who can investigate this.,GENERAL_INQUIRY,GENERAL_INQUIRY,Routine,False,Routine inquiry resolvable via standard automated message or help documentation.,Verified human annotation for AmazonHelp customer tweet.
461241,2864015,Mon Nov 27 23:37:02 +0000 2017,@AmazonHelp From a third-party seller in China,From a third-party seller in China,GENERAL_INQUIRY,GENERAL_INQUIRY,Routine,False,Routine inquiry resolvable via standard automated message or help documentation.,Verified human annotation for AmazonHelp customer tweet.
224199,224199,Thu Oct 05 04:26:34 +0000 2017,@AmazonHelp how do I return something? Ordered wrong size 😅,how do I return something? Ordered wrong size 😅,GENERAL_INQUIRY,GENERAL_INQUIRY,Borderline / Ambiguous,False,"Ambiguous customer inquiry, but resolvable via self-service portal (e.g. Your Orders).",Verified human annotation for AmazonHelp customer tweet.
232721,232723,Thu Oct 05 12:03:08 +0000 2017,@AmazonHelp How can I order one on prime today and get it tomorrow then? Yet my order won't be here until next week for the pre ordered copy,How can I order one on prime today and get it tomorrow then? Yet my order won't be here until next week for the pre ordered copy,GENERAL_INQUIRY,GENERAL_INQUIRY,Borderline / Ambiguous,False,"Ambiguous customer inquiry, but resolvable via self-service portal (e.g. Your Orders).",Verified human annotation for AmazonHelp customer tweet.
207760,207760,Mon Oct 02 00:16:42 +0000 2017,1st experience w/ @115821 CS as seller is hot mess. Going in circles for over 1.5 hrs! Still on the phone trying to get ez question answered,1st experience w/ CS as seller is hot mess. Going in circles for over 1.5 hrs! Still on the phone trying to get ez question answered,GENERAL_INQUIRY,GENERAL_INQUIRY,Routine,False,Routine inquiry resolvable via standard automated message or help documentation.,Verified human annotation for AmazonHelp customer tweet.
2273481,2273481,Sat Nov 11 12:50:50 +0000 2017,@AmazonHelp Hello. While I'm logged in I can't find anything on amazon website. In incognito mode search works perfectly. Seems like a bug. How can I resolve that?,Hello. While I'm logged in I can't find anything on amazon website. In incognito mode search works perfectly. Seems like a bug. How can I resolve that?,GENERAL_INQUIRY,GENERAL_INQUIRY,Borderline / Ambiguous,False,"Ambiguous customer inquiry, but resolvable via self-service portal (e.g. Your Orders).",Verified human annotation for AmazonHelp customer tweet.
1420519,1420517,Mon Oct 16 17:12:36 +0000 2017,@AmazonHelp I was contacted service this morning. But you guys said that you can not control other seller.,I was contacted service this morning. But you guys said that you can not control other seller.,GENERAL_INQUIRY,GENERAL_INQUIRY,Routine,False,Routine inquiry resolvable via standard automated message or help documentation.,Verified human annotation for AmazonHelp customer tweet.
2976515,2976512,Thu Nov 30 03:11:41 +0000 2017,@AmazonHelp 3rd party seller...,3rd party seller...,GENERAL_INQUIRY,GENERAL_INQUIRY,Routine,False,Routine inquiry resolvable via standard automated message or help documentation.,Verified human annotation for AmazonHelp customer tweet.
2353839,2353841,Mon Nov 20 19:23:01 +0000 2017,@AmazonHelp I emailed the seller on the 4th Nov when it first happened! I was also told on the 5th that you were going to contact them! I have been waiting on a reply from them/you since then &amp; have heard nothing. I have done everything possible on my end &amp; have had no help from you!,I emailed the seller on the 4th Nov when it first happened! I was also told on the 5th that you were going to contact them! I have been waiting on a reply from them/you since then & have heard nothing. I have done everything possible on my end & have had no help from you!,GENERAL_INQUIRY,TECHNICAL,Routine,False,Routine inquiry resolvable via standard automated message or help documentation.,"Rule 2 Applied: Device, app, or digital content technical issue."
2600777,2600777,Fri Nov 17 07:36:34 +0000 2017,I bought an item on @115821 i didn't like it. Gave a 2-star review with a reason. The seller writes me an email. I didn't think the email garnered response.....THEN THIS LADY FINDS ME ON FACEBOOK!!! I'M PISSED OFF!!!! https://t.co/tNYOQ0OT1E,I bought an item on i didn't like it. Gave a 2-star review with a reason. The seller writes me an email. I didn't think the email garnered response.....THEN THIS LADY FINDS ME ON FACEBOOK!!! I'M PISSED OFF!!!!,GENERAL_INQUIRY,GENERAL_INQUIRY,Routine,False,Routine inquiry resolvable via standard automated message or help documentation.,Verified human annotation for AmazonHelp customer tweet.
1490359,1490359,Sun Nov 26 01:11:19 +0000 2017,I have been on the phone with #amazon #amazonsellercentral for 1 hour &amp; 30 minutes.  And told at one point my only option to complain or get a resolution  would be to call @115851,I have been on the phone with #amazon #amazonsellercentral for 1 hour & 30 minutes. And told at one point my only option to complain or get a resolution would be to call,GENERAL_INQUIRY,GENERAL_INQUIRY,Routine,False,Routine inquiry resolvable via standard automated message or help documentation.,Verified human annotation for AmazonHelp customer tweet.
1134990,1134980,Fri Nov 03 17:16:44 +0000 2017,@AmazonHelp One of your sellers,One of your sellers,GENERAL_INQUIRY,GENERAL_INQUIRY,Routine,False,Routine inquiry resolvable via standard automated message or help documentation.,Verified human annotation for AmazonHelp customer tweet.
379293,379292,Mon Oct 09 07:56:37 +0000 2017,"@AmazonHelp Yes I have, when can I expect a response on the same from your side","Yes I have, when can I expect a response on the same from your side",GENERAL_INQUIRY,GENERAL_INQUIRY,Routine,False,Routine inquiry resolvable via standard automated message or help documentation.,Verified human annotation for AmazonHelp customer tweet.
224808,224801,Thu Oct 05 06:28:09 +0000 2017,"@AmazonHelp does it support all functions like back in US.?Can it read ebooks,call etc.?Cant find dis info on amzonindia website.?","does it support all functions like back in US.?Can it read ebooks,call etc.?Cant find dis info on amzonindia website.?",GENERAL_INQUIRY,GENERAL_INQUIRY,Routine,False,Routine inquiry resolvable via standard automated message or help documentation.,Verified human annotation for AmazonHelp customer tweet.
2211717,2211715,Sun Nov 26 16:01:09 +0000 2017,"@AmazonHelp This is of no use since the only option you give to contact you for order 111-6559145-8493005 is to 'Contact Seller', you're just wasting my time AGAIN!","This is of no use since the only option you give to contact you for order 111-6559145-8493005 is to 'Contact Seller', you're just wasting my time AGAIN!",GENERAL_INQUIRY,GENERAL_INQUIRY,Routine,False,Routine inquiry resolvable via standard automated message or help documentation.,Verified human annotation for AmazonHelp customer tweet.
1748109,1748109,Tue Nov 07 16:07:51 +0000 2017,I really hate when sellers legit beg you to give them 5 stars on @115821.,I really hate when sellers legit beg you to give them 5 stars on .,GENERAL_INQUIRY,GENERAL_INQUIRY,Routine,False,Routine inquiry resolvable via standard automated message or help documentation.,Verified human annotation for AmazonHelp customer tweet.
132430,132430,Fri Nov 24 07:49:33 +0000 2017,"@AmazonHelp The website contact system is an awful experience. I just want to send you guys an email about an ongoing issue, how do I do that without being forced into a chat terminal?","The website contact system is an awful experience. I just want to send you guys an email about an ongoing issue, how do I do that without being forced into a chat terminal?",GENERAL_INQUIRY,GENERAL_INQUIRY,Borderline / Ambiguous,False,"Ambiguous customer inquiry, but resolvable via self-service portal (e.g. Your Orders).",Verified human annotation for AmazonHelp customer tweet.
2679356,2679358,Sun Nov 19 15:13:06 +0000 2017,@AmazonHelp Can I get contact no to talk In customer care.,Can I get contact no to talk In customer care.,GENERAL_INQUIRY,GENERAL_INQUIRY,Routine,False,Routine inquiry resolvable via standard automated message or help documentation.,Verified human annotation for AmazonHelp customer tweet.
495803,495802,Fri Dec 01 19:39:57 +0000 2017,@AmazonHelp They are little to no help. How can I escalate?,They are little to no help. How can I escalate?,GENERAL_INQUIRY,SHIPPING,Borderline / Ambiguous,False,"Ambiguous customer inquiry, but resolvable via self-service portal (e.g. Your Orders).",Verified human annotation for AmazonHelp customer tweet.
704430,704430,Thu Nov 23 18:36:38 +0000 2017,"@115821 i need help with something, how can I contact you? I can't find an e-mail for you","i need help with something, how can I contact you? I can't find an e-mail for you",GENERAL_INQUIRY,GENERAL_INQUIRY,Borderline / Ambiguous,False,"Ambiguous customer inquiry, but resolvable via self-service portal (e.g. Your Orders).",Verified human annotation for AmazonHelp customer tweet.
49917,49917,Wed Nov 01 17:37:29 +0000 2017,"@121284 I got my dot today, but prime member is not active. How do I activate it.
Can't play songs from Saavn on dot.","I got my dot today, but prime member is not active. How do I activate it. Can't play songs from Saavn on dot.",GENERAL_INQUIRY,GENERAL_INQUIRY,Borderline / Ambiguous,False,"Ambiguous customer inquiry, but resolvable via self-service portal (e.g. Your Orders).",Verified human annotation for AmazonHelp customer tweet.
349994,349994,Sun Oct 08 09:22:14 +0000 2017,"@115850 
Suggest to call out potential issues at checkout for third party sellers. This will help in minimising issues

Best Regards",Suggest to call out potential issues at checkout for third party sellers. This will help in minimising issues Best Regards,GENERAL_INQUIRY,GENERAL_INQUIRY,Routine,False,Routine inquiry resolvable via standard automated message or help documentation.,Verified human annotation for AmazonHelp customer tweet.
1047241,1047241,Mon Oct 23 10:46:34 +0000 2017,@115850 der is no way I can reach ur CustomerService agent if I hav not placd any order yet. Can I not hav general questions be4 ordering?,der is no way I can reach ur CustomerService agent if I hav not placd any order yet. Can I not hav general questions be4 ordering?,GENERAL_INQUIRY,GENERAL_INQUIRY,Borderline / Ambiguous,True,Requires account lookup / PII verification via Direct Message to resolve customer order issue.,Verified human annotation for AmazonHelp customer tweet.
781625,781625,Thu Oct 12 06:27:00 +0000 2017,@AmazonHelp can i get schedule of prime movies and tv shows,can i get schedule of prime movies and tv shows,GENERAL_INQUIRY,GENERAL_INQUIRY,Borderline / Ambiguous,False,"Ambiguous customer inquiry, but resolvable via self-service portal (e.g. Your Orders).",Verified human annotation for AmazonHelp customer tweet.
73543,74582,Thu Nov 30 14:45:59 +0000 2017,@AmazonHelp Why do you require my Aadhar card details for your investigation? For a fraud committed by your seller why should I put my privacy at risk?,Why do you require my Aadhar card details for your investigation? For a fraud committed by your seller why should I put my privacy at risk?,GENERAL_INQUIRY,GENERAL_INQUIRY,High Stakes Escalation,True,Financial fraud/security dispute requiring account audit and security escalation.,Verified human annotation for AmazonHelp customer tweet.
384160,384168,Mon Oct 09 17:18:13 +0000 2017,@AmazonHelp Hello I had ordered one year extended warranty with camera that product had been dispatched both I had ordered same time,Hello I had ordered one year extended warranty with camera that product had been dispatched both I had ordered same time,GENERAL_INQUIRY,SHIPPING,Routine,False,Routine inquiry resolvable via standard automated message or help documentation.,Verified human annotation for AmazonHelp customer tweet.
1650901,1650901,Mon Nov 06 06:11:58 +0000 2017,"@115850 @AmazonHelp @115851
Recent amazon case https://t.co/81voxyrG4y  it helped a lady. Amazon policy varies place to place? plz help",Recent amazon case it helped a lady. Amazon policy varies place to place? plz help,GENERAL_INQUIRY,GENERAL_INQUIRY,Routine,False,Routine inquiry resolvable via standard automated message or help documentation.,Verified human annotation for AmazonHelp customer tweet.
2943291,2943291,Wed Nov 29 13:51:32 +0000 2017,"@115850 

Why there is need of GST number while registering as seller on Amazon.in even though as per decision 23rd GST Council meeting  &amp; Notifications no requirement of GST registration if turnover is below Rs. 20 lacs for Financial year.",Why there is need of GST number while registering as seller on Amazon.in even though as per decision 23rd GST Council meeting & Notifications no requirement of GST registration if turnover is below Rs. 20 lacs for Financial year.,GENERAL_INQUIRY,GENERAL_INQUIRY,Borderline / Ambiguous,False,"Ambiguous customer inquiry, but resolvable via self-service portal (e.g. Your Orders).",Verified human annotation for AmazonHelp customer tweet.
2352253,2352258,Tue Nov 14 11:01:18 +0000 2017,@AmazonHelp Hi I have contacted the seller directly and they are unable to tell me where my order is all they say is I have to be patient not exactly great customer service,Hi I have contacted the seller directly and they are unable to tell me where my order is all they say is I have to be patient not exactly great customer service,GENERAL_INQUIRY,GENERAL_INQUIRY,Borderline / Ambiguous,True,Requires account lookup / PII verification via Direct Message to resolve customer order issue.,Verified human annotation for AmazonHelp customer tweet.
2394499,2394499,Wed Nov 08 17:14:20 +0000 2017,@115850 @115851 Do you guys outsource your sellers onboard campaign in India or not..??.@93495 @93496 solution outsourcing this.??,Do you guys outsource your sellers onboard campaign in India or not..??. solution outsourcing this.??,GENERAL_INQUIRY,GENERAL_INQUIRY,Routine,False,Routine inquiry resolvable via standard automated message or help documentation.,Verified human annotation for AmazonHelp customer tweet.
760422,760422,Wed Oct 11 19:54:37 +0000 2017,@AmazonHelp I have a product that has already been replaced once as faulty. Same problem again. How can I speak to someone now?,I have a product that has already been replaced once as faulty. Same problem again. How can I speak to someone now?,GENERAL_INQUIRY,GENERAL_INQUIRY,Borderline / Ambiguous,False,"Ambiguous customer inquiry, but resolvable via self-service portal (e.g. Your Orders).",Verified human annotation for AmazonHelp customer tweet.
323379,323379,Sat Oct 07 14:09:10 +0000 2017,"Hey @115850, how about solving ORDER # 402-3791765-1108334? Can I talk to someone who sounds remotely responsible? Thanks.","Hey , how about solving ORDER # 402-3791765-1108334? Can I talk to someone who sounds remotely responsible? Thanks.",GENERAL_INQUIRY,GENERAL_INQUIRY,Borderline / Ambiguous,True,Requires account lookup / PII verification via Direct Message to resolve customer order issue.,Verified human annotation for AmazonHelp customer tweet.
753511,753511,Wed Oct 11 14:28:35 +0000 2017,Hey @AmazonHelp purchased apple earphones from India site. Turned out to be imitations. Reported to seller. No action for over a week,Hey purchased apple earphones from India site. Turned out to be imitations. Reported to seller. No action for over a week,GENERAL_INQUIRY,TECHNICAL,Routine,False,Routine inquiry resolvable via standard automated message or help documentation.,"Rule 2 Applied: Device, app, or digital content technical issue."
2500699,2500699,Wed Nov 15 19:18:21 +0000 2017,@115850   i am trying to return the product how can it do it i not allowing after two steps.,i am trying to return the product how can it do it i not allowing after two steps.,GENERAL_INQUIRY,GENERAL_INQUIRY,Borderline / Ambiguous,False,"Ambiguous customer inquiry, but resolvable via self-service portal (e.g. Your Orders).",Verified human annotation for AmazonHelp customer tweet.
1031082,1031081,Mon Oct 23 04:51:24 +0000 2017,"@AmazonHelp I am located in India and I want to know about the cost, warranty and other details about placing the order from amazon(USA). Kindly help","I am located in India and I want to know about the cost, warranty and other details about placing the order from amazon(USA). Kindly help",GENERAL_INQUIRY,GENERAL_INQUIRY,Routine,False,Routine inquiry resolvable via standard automated message or help documentation.,Verified human annotation for AmazonHelp customer tweet.
1100634,1100634,Sat Nov 25 17:09:11 +0000 2017,@115850 i regularly participate in amazon in-app contests. Where can i check the results,i regularly participate in amazon in-app contests. Where can i check the results,GENERAL_INQUIRY,TECHNICAL,Routine,False,Routine inquiry resolvable via standard automated message or help documentation.,"Rule 2 Applied: Device, app, or digital content technical issue."
627831,627831,Wed Nov 22 14:41:40 +0000 2017,@AmazonHelp can I buy this product .. as the link redirects 2 app with felix brand and I am looking for Fitbit...da one I googled :... :-( https://t.co/Iv0wGj2BA5,can I buy this product .. as the link redirects 2 app with felix brand and I am looking for Fitbit...da one I googled :... :-(,GENERAL_INQUIRY,TECHNICAL,Routine,False,Routine inquiry resolvable via standard automated message or help documentation.,"Rule 2 Applied: Device, app, or digital content technical issue."
463355,463354,Fri Dec 01 03:14:14 +0000 2017,@AmazonHelp Whatever...it’s not the first time this has happened with your “3rd party seller asshat parade”,Whatever...it’s not the first time this has happened with your “3rd party seller asshat parade”,GENERAL_INQUIRY,TECHNICAL,Routine,False,Routine inquiry resolvable via standard automated message or help documentation.,"Rule 2 Applied: Device, app, or digital content technical issue."
26962,26961,Wed Nov 01 10:02:20 +0000 2017,"@AmazonHelp Not yet, have tried to contact the seller several times and no response. Not got access to a laptop to further the complaint at the moment","Not yet, have tried to contact the seller several times and no response. Not got access to a laptop to further the complaint at the moment",GENERAL_INQUIRY,GENERAL_INQUIRY,Routine,False,Routine inquiry resolvable via standard automated message or help documentation.,Verified human annotation for AmazonHelp customer tweet.
2698926,2698924,Sun Nov 19 20:05:45 +0000 2017,@AmazonHelp It's okay! It's being sold by a third-party seller.,It's okay! It's being sold by a third-party seller.,GENERAL_INQUIRY,GENERAL_INQUIRY,Routine,False,Routine inquiry resolvable via standard automated message or help documentation.,Verified human annotation for AmazonHelp customer tweet.
133789,133793,Fri Nov 24 13:49:54 +0000 2017,@AmazonHelp How do I do a return if I dont have a printer? Sorry!,How do I do a return if I dont have a printer? Sorry!,GENERAL_INQUIRY,GENERAL_INQUIRY,Borderline / Ambiguous,False,"Ambiguous customer inquiry, but resolvable via self-service portal (e.g. Your Orders).",Verified human annotation for AmazonHelp customer tweet.
